tag,title,post
career,Why Long-Term Career Growth Begins With One Radical Change,The Career Lesson I Learned Too Late: Struggle Is Not a StrategyContinue reading on Readers Club »
career,Things That Shocked Me in My First Month as a Developer,The reality of working as a developer was very different from what I expected.*Continue reading on Medium »
career,"The Complete Beginner’s Guide to DevOps in 2026 — Tools, CI/CD Pipelines, Docker & Kubernetes",If you have heard the word “DevOps” a hundred times and still are not entirely sure what it means in practice — this guide is for you.Continue reading on Medium »
career,Why Adaptability Is the Real Job Security in 2026,"For decades, people believed that job security came from stability. If you had the right degree, joined a reputable company, and stayed…Continue reading on Medium »"
career,Uncle Rwamiti’s Battery Stress Index,A Practical Guide to Understanding Battery Behaviour in East AfricaContinue reading on Reflections and Realities »
career,Sponsorship vs. Hard Work: navigating Oligarchy for success,"I remember the early days of my career: grinding through long hours, convinced that sheer effort was the golden ticket to success. “Work…Continue reading on Medium »"
career,The Strange Advice Engineers Eventually Hear,Why are engineers so often told not to get attached to what they build?Continue reading on Medium »
career,Stop Learning AI — Start Upgrading YOUR Role,The AI territory a security engineer needs to navigate looks nothing like the territory facing a data engineer. Here’s why that matters.Continue reading on Medium »
career,IREDA Recruitment 2026.,"IREDA Recruitment Executives , Total 32 vacancy across India location. apply before…Continue reading on Medium »"
productivity,These two acts boost my morning before I sit for work,Mornings are a great way to set things up for the day.Continue reading on Medium »
productivity,How To Brainwash Yourself Into Success,Your Body Doesn’t Respond to Reality. It Responds to What You Believe About Reality.Continue reading on Medium »
productivity,stop being productive,"Since the beginning of 2026, I have made a resolution to push myself harder and accept more challenges.Continue reading on Medium »"
productivity,How We Used WebAssembly to Bypass Social Media Video Limits (Safely),IntroductionContinue reading on Medium »
productivity,How to Choose a Portable Laptop Stand Without Overspending,"A practical guide for students, hybrid workers, and everyday laptop users who want better screen positioning without buying the wrong standContinue reading on Medium »"
productivity,Why Long-Term Career Growth Begins With One Radical Change,The Career Lesson I Learned Too Late: Struggle Is Not a StrategyContinue reading on Readers Club »
productivity,The Hidden Cost of Constant Notifications,"How a few harmless pings quietly destroy focus, creativity, and peace of mind:Continue reading on Medium »"
productivity,Notion Dashboard’lar: Tüm Verileriniz Tek Bir Ekranda,"Notion’da birden fazla veritabanı görünümüyle çalışıyorsanız, muhtemelen benim yaşadığım şeyi siz de yaşıyorsunuzdur. Her görünümü ayrı…Continue reading on Medium »"
productivity,The Most Important Skill Today Isn’t Productivity — It’s Elimination,We live in a world that never seems to slow down.Continue reading on Medium »
productivity,PKM Weekly — 2026–03–15,A look at the latest Personal Knowledge Management PKM news from the past week.Continue reading on Medium »
startup,Inside the Mind of Aravind Seshadri: When Engineering Meets Empathy,"Aravind Seshadri, COO of Marutee Design and co-founder of Iksha Foundation, represents the hands-on engineer who never stopped building…Continue reading on Medium »"
startup,I Built a “Website Down Checker.” Here’s What Broke First (and How I Fixed It),Most people think website monitoring is simple: a site is either up or down.Continue reading on Medium »
startup,CHAOS EARLY WARNING: THE MEETING SIGNAL THAT PREDICTS OPERATIONAL BREAKDOWN,INTRODUCTION: THE PATTERN NOBODY NAMESContinue reading on Medium »
startup,"The Comfort Crisis – Click-Worthy Summary
Are you living in comfort… and missing out on growth?",بحران آسایش Continue reading on Medium »
startup,The Most Important Skill Today Isn’t Productivity — It’s Elimination,We live in a world that never seems to slow down.Continue reading on Medium »
startup,Dhruv Pratap Singh: The Young Founder of Sticky Flair,The story behind the student-run sticker brand Sticky Flair.Continue reading on Medium »
startup,AI Doesn’t Destroy Jobs. History Proves It,"IIT Bombay taught me about the future of work — key insights from Ashank Desai, Founder of Mastek.Continue reading on Medium »"
startup,Dukbill — A comparison with Middle CRM,"The mortgage application process has been plagued by inefficiency with constant document chasing, manual data entry and frustrated clients…Continue reading on Medium »"
startup,Taste Over Everything,We started with the best PB&J you’ve ever had. Then we spent a year making it worse. Whoops. Now we’re back.Continue reading on Medium »
startup,Why I Built AiVIS When I Realized Most Websites Are Invisible To AI,Search changed quietly. Most businesses did not. AiVIS was built to show what AI systems can actually read trust cite and surface about…Continue reading on Medium »
entrepreneurship,Inside the Mind of Aravind Seshadri: When Engineering Meets Empathy,"Aravind Seshadri, COO of Marutee Design and co-founder of Iksha Foundation, represents the hands-on engineer who never stopped building…Continue reading on Medium »"
entrepreneurship,Create Stunning Graphics in Minutes—No Design Skills Needed!,"Tired of spending hours trying to make your website, blog, or funnel look professional? 😩Continue reading on Medium »"
entrepreneurship,খাতা-কলমের হিসাব বনাম মানসিক শান্তি: আধুনিক দোকানদারের জীবন যেমন হওয়া উচিত,"একজন ছোট ব্যবসার মালিক বা শপ ওনার হিসেবে আপনার দিনটি কেমন কাটে? সকাল থেকে রাত পর্যন্ত কাস্টমার সামলানো, স্টকের হিসাব রাখা আর দিন শেষে…Continue reading on Medium »"
entrepreneurship,Unlock Massive Conversions with the Viral Elon Musk Offer,Ever wondered how some ClickBank offers just explode on all traffic?Continue reading on Medium »
entrepreneurship,จุดอ่อนเล็ก ๆ ที่ผลักดันชีวิตเรา,ถ้ามองจากภายนอก เรามักคิดว่าคนที่ประสบความสำเร็จคือคนที่มั่นใจในตัวเองมาตั้งแต่ต้นContinue reading on Medium »
entrepreneurship,"Top Tools For Solo Entrepreneurs: 3 Smart Ways To Run The Whole Business Yourself, With Little To…",Did you know that clowns make the worst entrepreneurs?Continue reading on Medium »
entrepreneurship,How Dance Fitness is Revolutionizing Healthy Living in Gurgaon (2026),"Gurgaon is known for its fast-paced corporate life, which often leads to stress and physical inactivity. However, a new trend is taking…Continue reading on Medium »"
entrepreneurship,Dhruv Pratap Singh: The Young Founder of Sticky Flair,The story behind the student-run sticker brand Sticky Flair.Continue reading on Medium »
entrepreneurship,AI Doesn’t Destroy Jobs. History Proves It,"IIT Bombay taught me about the future of work — key insights from Ashank Desai, Founder of Mastek.Continue reading on Medium »"
entrepreneurship,How Small Businesses Can Get Customers Without Paid Ads,"It can be hard to start and grow a small business, especially if you don’t have a lot of money to spend on marketing. A lot of business…Continue reading on Medium »"
artificial-intelligence,The Compression Paradox: Why Fewer Engineers Will Matter More,"AI is shrinking engineering teams — and making each remaining engineer more critical, more powerful, and more of a single point of failure…Continue reading on Medium »"
artificial-intelligence,The Complete LLM Model Selection Guide for Production Products (2026),"Every major model family, what each one is actually good at, and how to pick the right one for your use case without overthinking it.Continue reading on Medium »"
artificial-intelligence,Why autonomous agents will not solve all our problems: the answer is in the question.,I would never have been able to achieve what I’m doing today without asking questions.Continue reading on Medium »
artificial-intelligence,"How ChatGPT Memory Works: Context, Long-Term Memory, and Vector Retrieval Explained",Artificial Intelligence assistants like ChatGPT often appear to “remember” things about us. You might tell the assistant that you are…Continue reading on Medium »
artificial-intelligence,Understanding Graph in LangGraph: A Simple Conceptual Guide to Graph-Based AI Workflows,"Large Language Models (LLMs) are powerful, but real-world AI applications rarely rely on a single prompt and response. Modern AI systems…Continue reading on Medium »"
artificial-intelligence,Three Sales Calls That Explain Why 95% of AI Pilots Fail,"Last quarter, I had three sales calls that perfectly explain why enterprise AI has a 95% failure rate.Continue reading on Medium »"
artificial-intelligence,Where can I find affordable AI product manager certification online?,"As businesses increasingly adopt artificial intelligence, demand for AI product managers — professionals who can bridge strategy…Continue reading on Medium »"
artificial-intelligence,# RefundYourSOL (RYS): The Essential Toolkit for the Modern Solana User,Continue reading on Medium »
artificial-intelligence,AI Cheating Is Rampant. Here’s What It’s Actually Doing To Your Brain.,Okay so. I want to talk about something that’s been sitting with me for a while.Continue reading on Medium »
artificial-intelligence,Create Stunning Graphics in Minutes—No Design Skills Needed!,"Tired of spending hours trying to make your website, blog, or funnel look professional? 😩Continue reading on Medium »"
machine-learning,"Hello, Model! Build Your First AI Model From Scratch","No frameworks, no magic — just Python, a line, and 7 housesContinue reading on Medium »"
machine-learning,"I Confront an AI Chatbot About Taking My Job, I Feel Sorry For It the More We Talk",by Luke RileyContinue reading on Medium »
machine-learning,"S01E09 — One Mask, Three Worlds — Encoder vs Decoder","How the shape of a single matrix in the attention mechanism determines whether a model understands text, generates it, or translates it..Continue reading on Medium »"
machine-learning,The Evolution of Artificial Intelligence,Artificial Narrow Intelligence (ANI)Continue reading on Medium »
machine-learning,The Rise of Domain-Specific AI Models.,Why Specialized AI Models Are Replacing One-Size-Fits-All Intelligence.Continue reading on Medium »
machine-learning,Tree-structured Parzen Estimator: One Weird Trick That Makes Bayesian Optimization Ridiculously…,You’ve built the architecture. You’ve prepped the data. Now comes the most boring part of the machine learning pipeline: hyperparameter…Continue reading on Medium »
machine-learning,6 Brutally Honest Truths About Building a Python Library Nobody Tells You,What 4+ Years of Automation Taught Me the Hard WayContinue reading on Level Up Coding »
machine-learning,Why AI Voice Clones Can’t Fool Biology,The systems we built to respond to human distress cannot tell whether that distress is real.Continue reading on Medium »
technology,How SuperYou Grossed One Billion in Six Months,What happens when a celebrity co-founder celebrates and elevates India’s love for snacks.Continue reading on Product Coalition »
technology,Windows 11 Free Upgrade: When You Can Install It and What to Know,"Microsoft’s latest operating system, Windows 11, has generated a lot of buzz since its official announcement. With its sleek design…Continue reading on Medium »"
technology,Create Stunning Graphics in Minutes—No Design Skills Needed!,"Tired of spending hours trying to make your website, blog, or funnel look professional? 😩Continue reading on Medium »"
technology,Interview Preparation Guide Head of AI Engineering at ShopwithMe,"In senior AI leadership interviews, nobody is really testing whether you can define Kafka, LLMs, vector databases, microservices or CI/CD.Continue reading on DataEmpire.AI »"
technology,Unlock Massive Conversions with the Viral Elon Musk Offer,Ever wondered how some ClickBank offers just explode on all traffic?Continue reading on Medium »
technology,GPT-5.4 Is Here — And It’s Doing Your Job Better Than You Think,OpenAI’s latest model just beat the human baseline on real desktop tasks. This isn’t a benchmark trick. This is a line being crossed.Continue reading on Medium »
technology,How We Used WebAssembly to Bypass Social Media Video Limits (Safely),IntroductionContinue reading on Medium »
technology,"The Monkeys 3: TM3 EP - A High-Quality Instrumental Piano Musical Journey (April 1, 2026) |…",*TM3 EP: A High-Quality Piano Instrumental EP*Continue reading on Medium »
technology,Windows 11 Upgrade: Why Microsoft’s Free Offer is Too Good to Ignore,"Windows has always been more than just an operating system; it’s the backbone of productivity, creativity, and gaming for millions…Continue reading on Medium »"
technology,The Hidden Cost of Constant Notifications,"How a few harmless pings quietly destroy focus, creativity, and peace of mind:Continue reading on Medium »"
